,RMSE,lags,seasonal_lags,hidden_layers,alpha,batch_size,activation,learning_rate,exog_lags,grippe_lags,exogenous_lags,grippe_lag
0,0.8811224229568784,20,[52],"(16, 16)",0.2,32,relu,0.0001,,,33.0,15.0
1,0.9275514940989011,20,[52],"(16, 16, 16)",0.2,32,relu,0.0001,,,33.0,15.0
2,0.9014238905422404,20,[52],"(16, 16)",0.2,32,relu,0.0001,,,33.0,16.0
3,0.8748325956404278,20,[52],"(16, 16, 16)",0.2,32,relu,0.0001,,,33.0,16.0
4,0.8719069493885364,20,[52],"(16, 16)",0.2,32,relu,0.0001,,,33.0,17.0
5,0.9113372938727723,20,[52],"(16, 16, 16)",0.2,32,relu,0.0001,,,33.0,17.0
6,0.797447665913808,20,[52],"(16, 16)",0.2,32,relu,0.0001,,,33.0,18.0
7,0.8346501274041825,20,[52],"(16, 16, 16)",0.2,32,relu,0.0001,,,33.0,18.0
8,0.8318395453757635,20,[52],"(16, 16)",0.2,32,relu,0.0001,,,33.0,19.0
9,0.8438132941204542,20,[52],"(16, 16, 16)",0.2,32,relu,0.0001,,,33.0,19.0
10,0.8368964844897228,20,[52],"(16, 16)",0.2,32,relu,0.0001,,,33.0,20.0
11,0.92410110677678,20,[52],"(16, 16, 16)",0.2,32,relu,0.0001,,,33.0,20.0
12,0.9783302030426236,20,[52],"(16, 16)",0.2,32,relu,0.0001,,,33.0,21.0
13,0.639090303544463,20,[52],"(16, 16, 16)",0.2,32,relu,0.0001,,,33.0,21.0
14,0.8742304698521043,20,[52],"(16, 16)",0.2,32,relu,0.0001,,,33.0,22.0
15,0.9568535346901461,20,[52],"(16, 16, 16)",0.2,32,relu,0.0001,,,33.0,22.0
16,0.9727336857581937,20,[52],"(16, 16)",0.2,32,relu,0.0001,,,33.0,23.0
17,0.7585683556820729,20,[52],"(16, 16, 16)",0.2,32,relu,0.0001,,,33.0,23.0
18,0.7761565586345648,20,[52],"(16, 16)",0.2,32,relu,0.0001,,,33.0,24.0
19,0.8654012361275868,20,[52],"(16, 16, 16)",0.2,32,relu,0.0001,,,33.0,24.0
20,0.8684873247485582,20,[52],"(16, 16)",0.2,32,relu,0.0001,,,33.0,25.0
21,0.8890158063354822,20,[52],"(16, 16, 16)",0.2,32,relu,0.0001,,,33.0,25.0
22,0.9528494631909797,20,[52],"(16, 16)",0.2,32,relu,0.0001,,,33.0,26.0
23,0.7984517059126994,20,[52],"(16, 16, 16)",0.2,32,relu,0.0001,,,33.0,26.0
24,0.991398267971969,20,[52],"(16, 16)",0.2,32,relu,0.0001,,,33.0,27.0
25,1.2710713194514651,20,[52],"(16, 16, 16)",0.2,32,relu,0.0001,,,33.0,27.0
26,0.8031876314251095,20,[52],"(16, 16)",0.2,32,relu,0.0001,,,33.0,28.0
27,0.867644320210046,20,[52],"(16, 16, 16)",0.2,32,relu,0.0001,,,33.0,28.0
28,1.165311507608218,20,[52],"(16, 16)",0.2,32,relu,0.0001,,,33.0,29.0
29,0.7802007203519462,20,[52],"(16, 16, 16)",0.2,32,relu,0.0001,,,33.0,29.0
30,0.9327763830609412,20,[52],"(16, 16)",0.2,32,relu,0.0001,,,33.0,30.0
31,0.8953344688097982,20,[52],"(16, 16, 16)",0.2,32,relu,0.0001,,,33.0,30.0
32,0.9608129627085198,20,[52],"(16, 16)",0.2,32,relu,0.0001,,,33.0,31.0
33,0.9230838547079202,20,[52],"(16, 16, 16)",0.2,32,relu,0.0001,,,33.0,31.0
34,1.0606917485376208,20,[52],"(16, 16)",0.2,32,relu,0.0001,,,33.0,32.0
35,0.8765381666234912,20,[52],"(16, 16, 16)",0.2,32,relu,0.0001,,,33.0,32.0
36,0.8993783494461532,21,[52],"(16, 16)",0.2,32,relu,0.0001,,,33.0,15.0
37,0.9873302211843291,21,[52],"(16, 16, 16)",0.2,32,relu,0.0001,,,33.0,15.0
38,0.8915360677936129,21,[52],"(16, 16)",0.2,32,relu,0.0001,,,33.0,16.0
39,0.9429040581358974,21,[52],"(16, 16, 16)",0.2,32,relu,0.0001,,,33.0,16.0
40,1.0360094422593102,21,[52],"(16, 16)",0.2,32,relu,0.0001,,,33.0,17.0
41,0.7739848847029044,21,[52],"(16, 16, 16)",0.2,32,relu,0.0001,,,33.0,17.0
42,0.8671721808698428,21,[52],"(16, 16)",0.2,32,relu,0.0001,,,33.0,18.0
43,0.8579798700825374,21,[52],"(16, 16, 16)",0.2,32,relu,0.0001,,,33.0,18.0
44,0.8072378330653004,21,[52],"(16, 16)",0.2,32,relu,0.0001,,,33.0,19.0
45,0.8122102122413031,21,[52],"(16, 16, 16)",0.2,32,relu,0.0001,,,33.0,19.0
46,0.9182743067026774,21,[52],"(16, 16)",0.2,32,relu,0.0001,,,33.0,20.0
47,0.8273502608039807,21,[52],"(16, 16, 16)",0.2,32,relu,0.0001,,,33.0,20.0
48,0.9362519960255321,21,[52],"(16, 16)",0.2,32,relu,0.0001,,,33.0,21.0
49,0.8867825027286034,21,[52],"(16, 16, 16)",0.2,32,relu,0.0001,,,33.0,21.0
50,0.7672374168898998,21,[52],"(16, 16)",0.2,32,relu,0.0001,,,33.0,22.0
51,1.1658120976727082,21,[52],"(16, 16, 16)",0.2,32,relu,0.0001,,,33.0,22.0
52,1.0214897521299184,21,[52],"(16, 16)",0.2,32,relu,0.0001,,,33.0,23.0
53,0.8712320011741307,21,[52],"(16, 16, 16)",0.2,32,relu,0.0001,,,33.0,23.0
54,0.7749286959790597,21,[52],"(16, 16)",0.2,32,relu,0.0001,,,33.0,24.0
55,0.829124332029572,21,[52],"(16, 16, 16)",0.2,32,relu,0.0001,,,33.0,24.0
56,0.8833077120594471,21,[52],"(16, 16)",0.2,32,relu,0.0001,,,33.0,25.0
57,0.7837950592388387,21,[52],"(16, 16, 16)",0.2,32,relu,0.0001,,,33.0,25.0
58,0.9224341990633578,21,[52],"(16, 16)",0.2,32,relu,0.0001,,,33.0,26.0
59,1.0650988758763236,21,[52],"(16, 16, 16)",0.2,32,relu,0.0001,,,33.0,26.0
60,0.8069880965967414,21,[52],"(16, 16)",0.2,32,relu,0.0001,,,33.0,27.0
61,0.825715756992509,21,[52],"(16, 16, 16)",0.2,32,relu,0.0001,,,33.0,27.0
62,1.0507927067748375,21,[52],"(16, 16)",0.2,32,relu,0.0001,,,33.0,28.0
63,0.8704285314735186,21,[52],"(16, 16, 16)",0.2,32,relu,0.0001,,,33.0,28.0
64,0.9127520508315197,21,[52],"(16, 16)",0.2,32,relu,0.0001,,,33.0,29.0
65,0.7321217853225302,21,[52],"(16, 16, 16)",0.2,32,relu,0.0001,,,33.0,29.0
66,0.9257664813783218,21,[52],"(16, 16)",0.2,32,relu,0.0001,,,33.0,30.0
67,0.8368091648220758,21,[52],"(16, 16, 16)",0.2,32,relu,0.0001,,,33.0,30.0
68,0.8257866542509696,21,[52],"(16, 16)",0.2,32,relu,0.0001,,,33.0,31.0
69,0.8184091977276001,21,[52],"(16, 16, 16)",0.2,32,relu,0.0001,,,33.0,31.0
70,0.9717695973700179,21,[52],"(16, 16)",0.2,32,relu,0.0001,,,33.0,32.0
71,0.9975928684519481,21,[52],"(16, 16, 16)",0.2,32,relu,0.0001,,,33.0,32.0
72,0.7531476998174246,22,[52],"(16, 16)",0.2,32,relu,0.0001,,,33.0,15.0
73,0.8720198019446271,22,[52],"(16, 16, 16)",0.2,32,relu,0.0001,,,33.0,15.0
74,0.8075491628180921,22,[52],"(16, 16)",0.2,32,relu,0.0001,,,33.0,16.0
75,0.7568200332762615,22,[52],"(16, 16, 16)",0.2,32,relu,0.0001,,,33.0,16.0
76,0.8516087972227622,22,[52],"(16, 16)",0.2,32,relu,0.0001,,,33.0,17.0
77,0.8308898551502196,22,[52],"(16, 16, 16)",0.2,32,relu,0.0001,,,33.0,17.0
78,0.775779498135444,22,[52],"(16, 16)",0.2,32,relu,0.0001,,,33.0,18.0
79,0.7594324358567914,22,[52],"(16, 16, 16)",0.2,32,relu,0.0001,,,33.0,18.0
80,0.8322656214190681,22,[52],"(16, 16)",0.2,32,relu,0.0001,,,33.0,19.0
81,0.6776620901866699,22,[52],"(16, 16, 16)",0.2,32,relu,0.0001,,,33.0,19.0
82,0.7673443245786506,22,[52],"(16, 16)",0.2,32,relu,0.0001,,,33.0,20.0
83,0.913911004461668,22,[52],"(16, 16, 16)",0.2,32,relu,0.0001,,,33.0,20.0
84,0.7661986067822736,22,[52],"(16, 16)",0.2,32,relu,0.0001,,,33.0,21.0
85,0.7726767805306197,22,[52],"(16, 16, 16)",0.2,32,relu,0.0001,,,33.0,21.0
86,0.8248245319055743,22,[52],"(16, 16)",0.2,32,relu,0.0001,,,33.0,22.0
87,0.7935499454022251,22,[52],"(16, 16, 16)",0.2,32,relu,0.0001,,,33.0,22.0
88,0.6760281561184244,22,[52],"(16, 16)",0.2,32,relu,0.0001,,,33.0,23.0
89,0.7223098650977223,22,[52],"(16, 16, 16)",0.2,32,relu,0.0001,,,33.0,23.0
90,0.8500732792115002,22,[52],"(16, 16)",0.2,32,relu,0.0001,,,33.0,24.0
91,0.7608939037733782,22,[52],"(16, 16, 16)",0.2,32,relu,0.0001,,,33.0,24.0
92,0.9050126073581767,22,[52],"(16, 16)",0.2,32,relu,0.0001,,,33.0,25.0
93,0.8489989960957485,22,[52],"(16, 16, 16)",0.2,32,relu,0.0001,,,33.0,25.0
94,0.7246187760988594,22,[52],"(16, 16)",0.2,32,relu,0.0001,,,33.0,26.0
95,0.754065285104483,22,[52],"(16, 16, 16)",0.2,32,relu,0.0001,,,33.0,26.0
96,0.8939150142880727,22,[52],"(16, 16)",0.2,32,relu,0.0001,,,33.0,27.0
97,0.7543277221470887,22,[52],"(16, 16, 16)",0.2,32,relu,0.0001,,,33.0,27.0
98,0.7847518859167129,22,[52],"(16, 16)",0.2,32,relu,0.0001,,,33.0,28.0
99,0.7650822529664909,22,[52],"(16, 16, 16)",0.2,32,relu,0.0001,,,33.0,28.0
100,0.9186957295499294,22,[52],"(16, 16)",0.2,32,relu,0.0001,,,33.0,29.0
101,0.8164159211292105,22,[52],"(16, 16, 16)",0.2,32,relu,0.0001,,,33.0,29.0
102,0.8035610884164314,22,[52],"(16, 16)",0.2,32,relu,0.0001,,,33.0,30.0
103,0.7507439980549946,22,[52],"(16, 16, 16)",0.2,32,relu,0.0001,,,33.0,30.0
104,0.7985657784665925,22,[52],"(16, 16)",0.2,32,relu,0.0001,,,33.0,31.0
105,0.9204146961096503,22,[52],"(16, 16, 16)",0.2,32,relu,0.0001,,,33.0,31.0
106,0.9266092974636098,22,[52],"(16, 16)",0.2,32,relu,0.0001,,,33.0,32.0
107,0.851207990888509,22,[52],"(16, 16, 16)",0.2,32,relu,0.0001,,,33.0,32.0
108,0.9068892765766416,23,[52],"(16, 16)",0.2,32,relu,0.0001,,,33.0,15.0
109,0.9400771423552116,23,[52],"(16, 16, 16)",0.2,32,relu,0.0001,,,33.0,15.0
110,0.92993637403151,23,[52],"(16, 16)",0.2,32,relu,0.0001,,,33.0,16.0
111,0.8309090433995076,23,[52],"(16, 16, 16)",0.2,32,relu,0.0001,,,33.0,16.0
112,0.9294424979176487,23,[52],"(16, 16)",0.2,32,relu,0.0001,,,33.0,17.0
113,0.8593869556653672,23,[52],"(16, 16, 16)",0.2,32,relu,0.0001,,,33.0,17.0
114,1.0392624291787216,23,[52],"(16, 16)",0.2,32,relu,0.0001,,,33.0,18.0
115,0.862268474599598,23,[52],"(16, 16, 16)",0.2,32,relu,0.0001,,,33.0,18.0
116,0.9488987852984113,23,[52],"(16, 16)",0.2,32,relu,0.0001,,,33.0,19.0
117,0.910157662331641,23,[52],"(16, 16, 16)",0.2,32,relu,0.0001,,,33.0,19.0
118,0.8427220921507493,23,[52],"(16, 16)",0.2,32,relu,0.0001,,,33.0,20.0
119,1.0153051349653655,23,[52],"(16, 16, 16)",0.2,32,relu,0.0001,,,33.0,20.0
120,0.9858984939458555,23,[52],"(16, 16)",0.2,32,relu,0.0001,,,33.0,21.0
121,0.8299077622651169,23,[52],"(16, 16, 16)",0.2,32,relu,0.0001,,,33.0,21.0
122,0.8352573962696962,23,[52],"(16, 16)",0.2,32,relu,0.0001,,,33.0,22.0
123,0.822046492419635,23,[52],"(16, 16, 16)",0.2,32,relu,0.0001,,,33.0,22.0
124,0.8759030762030494,23,[52],"(16, 16)",0.2,32,relu,0.0001,,,33.0,23.0
125,0.7807274233708971,23,[52],"(16, 16, 16)",0.2,32,relu,0.0001,,,33.0,23.0
126,0.8847174387313655,23,[52],"(16, 16)",0.2,32,relu,0.0001,,,33.0,24.0
127,1.1725217229025033,23,[52],"(16, 16, 16)",0.2,32,relu,0.0001,,,33.0,24.0
128,0.7915928092291411,23,[52],"(16, 16)",0.2,32,relu,0.0001,,,33.0,25.0
129,0.8508842906080508,23,[52],"(16, 16, 16)",0.2,32,relu,0.0001,,,33.0,25.0
130,0.9492429874623172,23,[52],"(16, 16)",0.2,32,relu,0.0001,,,33.0,26.0
131,0.9320097231998066,23,[52],"(16, 16, 16)",0.2,32,relu,0.0001,,,33.0,26.0
132,0.7947200743986435,23,[52],"(16, 16)",0.2,32,relu,0.0001,,,33.0,27.0
133,0.7754041212178082,23,[52],"(16, 16, 16)",0.2,32,relu,0.0001,,,33.0,27.0
134,0.92464198638174,23,[52],"(16, 16)",0.2,32,relu,0.0001,,,33.0,28.0
135,0.9718764602086796,23,[52],"(16, 16, 16)",0.2,32,relu,0.0001,,,33.0,28.0
136,0.9897848458938948,23,[52],"(16, 16)",0.2,32,relu,0.0001,,,33.0,29.0
137,0.8465689965720626,23,[52],"(16, 16, 16)",0.2,32,relu,0.0001,,,33.0,29.0
138,1.0203448180982788,23,[52],"(16, 16)",0.2,32,relu,0.0001,,,33.0,30.0
139,0.8419898062480377,23,[52],"(16, 16, 16)",0.2,32,relu,0.0001,,,33.0,30.0
140,0.8496797996779781,23,[52],"(16, 16)",0.2,32,relu,0.0001,,,33.0,31.0
141,0.853090622884093,23,[52],"(16, 16, 16)",0.2,32,relu,0.0001,,,33.0,31.0
142,0.8606159016781051,23,[52],"(16, 16)",0.2,32,relu,0.0001,,,33.0,32.0
143,0.8684916849976311,23,[52],"(16, 16, 16)",0.2,32,relu,0.0001,,,33.0,32.0
144,0.8084075197000269,24,[52],"(16, 16)",0.2,32,relu,0.0001,,,33.0,15.0
145,0.8044363447394073,24,[52],"(16, 16, 16)",0.2,32,relu,0.0001,,,33.0,15.0
146,0.8083620181284822,24,[52],"(16, 16)",0.2,32,relu,0.0001,,,33.0,16.0
147,0.7938882361497196,24,[52],"(16, 16, 16)",0.2,32,relu,0.0001,,,33.0,16.0
148,0.7870611855063109,24,[52],"(16, 16)",0.2,32,relu,0.0001,,,33.0,17.0
149,0.7067983272987098,24,[52],"(16, 16, 16)",0.2,32,relu,0.0001,,,33.0,17.0
150,0.9432814714643993,24,[52],"(16, 16)",0.2,32,relu,0.0001,,,33.0,18.0
151,0.9691612927840959,24,[52],"(16, 16, 16)",0.2,32,relu,0.0001,,,33.0,18.0
152,0.7602440146913975,24,[52],"(16, 16)",0.2,32,relu,0.0001,,,33.0,19.0
153,0.8349900305378534,24,[52],"(16, 16, 16)",0.2,32,relu,0.0001,,,33.0,19.0
154,0.9178576581525598,24,[52],"(16, 16)",0.2,32,relu,0.0001,,,33.0,20.0
155,0.8187311313236013,24,[52],"(16, 16, 16)",0.2,32,relu,0.0001,,,33.0,20.0
156,0.7273499212992175,24,[52],"(16, 16)",0.2,32,relu,0.0001,,,33.0,21.0
157,0.7835668811034106,24,[52],"(16, 16, 16)",0.2,32,relu,0.0001,,,33.0,21.0
158,0.9013520825610604,24,[52],"(16, 16)",0.2,32,relu,0.0001,,,33.0,22.0
159,0.8501266765679985,24,[52],"(16, 16, 16)",0.2,32,relu,0.0001,,,33.0,22.0
160,0.8780440250218405,24,[52],"(16, 16)",0.2,32,relu,0.0001,,,33.0,23.0
161,0.8176827653788017,24,[52],"(16, 16, 16)",0.2,32,relu,0.0001,,,33.0,23.0
162,0.7563688975857104,24,[52],"(16, 16)",0.2,32,relu,0.0001,,,33.0,24.0
163,0.7418975122302318,24,[52],"(16, 16, 16)",0.2,32,relu,0.0001,,,33.0,24.0
164,0.9716099955639961,24,[52],"(16, 16)",0.2,32,relu,0.0001,,,33.0,25.0
165,0.7047069978216854,24,[52],"(16, 16, 16)",0.2,32,relu,0.0001,,,33.0,25.0
166,0.9177445198470225,24,[52],"(16, 16)",0.2,32,relu,0.0001,,,33.0,26.0
167,0.778321768199362,24,[52],"(16, 16, 16)",0.2,32,relu,0.0001,,,33.0,26.0
168,0.793367461578843,24,[52],"(16, 16)",0.2,32,relu,0.0001,,,33.0,27.0
169,0.8411007582241882,24,[52],"(16, 16, 16)",0.2,32,relu,0.0001,,,33.0,27.0
170,0.9479041265792866,24,[52],"(16, 16)",0.2,32,relu,0.0001,,,33.0,28.0
171,0.8418101183808945,24,[52],"(16, 16, 16)",0.2,32,relu,0.0001,,,33.0,28.0
172,0.7391810858832497,24,[52],"(16, 16)",0.2,32,relu,0.0001,,,33.0,29.0
173,0.765900557529235,24,[52],"(16, 16, 16)",0.2,32,relu,0.0001,,,33.0,29.0
174,1.0457146397145445,24,[52],"(16, 16)",0.2,32,relu,0.0001,,,33.0,30.0
175,0.9285032329143469,24,[52],"(16, 16, 16)",0.2,32,relu,0.0001,,,33.0,30.0
176,0.8729537521864715,24,[52],"(16, 16)",0.2,32,relu,0.0001,,,33.0,31.0
177,0.8372976991571225,24,[52],"(16, 16, 16)",0.2,32,relu,0.0001,,,33.0,31.0
178,0.7478994878363858,24,[52],"(16, 16)",0.2,32,relu,0.0001,,,33.0,32.0
179,0.6863326207783781,24,[52],"(16, 16, 16)",0.2,32,relu,0.0001,,,33.0,32.0
180,0.7340238955620109,25,[52],"(16, 16)",0.2,32,relu,0.0001,,,33.0,15.0
181,0.8625580568985124,25,[52],"(16, 16, 16)",0.2,32,relu,0.0001,,,33.0,15.0
182,0.8599191887723188,25,[52],"(16, 16)",0.2,32,relu,0.0001,,,33.0,16.0
183,0.6911142526998013,25,[52],"(16, 16, 16)",0.2,32,relu,0.0001,,,33.0,16.0
184,0.8445399273999659,25,[52],"(16, 16)",0.2,32,relu,0.0001,,,33.0,17.0
185,0.8851991378334669,25,[52],"(16, 16, 16)",0.2,32,relu,0.0001,,,33.0,17.0
186,0.7960747894894548,25,[52],"(16, 16)",0.2,32,relu,0.0001,,,33.0,18.0
187,0.850442252587401,25,[52],"(16, 16, 16)",0.2,32,relu,0.0001,,,33.0,18.0
188,0.8574959314179981,25,[52],"(16, 16)",0.2,32,relu,0.0001,,,33.0,19.0
189,0.8073741576562803,25,[52],"(16, 16, 16)",0.2,32,relu,0.0001,,,33.0,19.0
190,0.8000674668190356,25,[52],"(16, 16)",0.2,32,relu,0.0001,,,33.0,20.0
191,0.7892531454185029,25,[52],"(16, 16, 16)",0.2,32,relu,0.0001,,,33.0,20.0
192,0.8738116229161523,25,[52],"(16, 16)",0.2,32,relu,0.0001,,,33.0,21.0
193,0.8533741516683614,25,[52],"(16, 16, 16)",0.2,32,relu,0.0001,,,33.0,21.0
194,0.8745547890121119,25,[52],"(16, 16)",0.2,32,relu,0.0001,,,33.0,22.0
195,1.0043838176777966,25,[52],"(16, 16, 16)",0.2,32,relu,0.0001,,,33.0,22.0
196,0.711122151800815,25,[52],"(16, 16)",0.2,32,relu,0.0001,,,33.0,23.0
197,0.7038286730390296,25,[52],"(16, 16, 16)",0.2,32,relu,0.0001,,,33.0,23.0
198,0.8988132607332452,25,[52],"(16, 16)",0.2,32,relu,0.0001,,,33.0,24.0
199,0.7638468904876898,25,[52],"(16, 16, 16)",0.2,32,relu,0.0001,,,33.0,24.0
200,0.7750124215071675,25,[52],"(16, 16)",0.2,32,relu,0.0001,,,33.0,25.0
201,0.7423984112555672,25,[52],"(16, 16, 16)",0.2,32,relu,0.0001,,,33.0,25.0
202,0.8242010280892456,25,[52],"(16, 16)",0.2,32,relu,0.0001,,,33.0,26.0
203,0.8516323783653764,25,[52],"(16, 16, 16)",0.2,32,relu,0.0001,,,33.0,26.0
204,0.9541623471488978,25,[52],"(16, 16)",0.2,32,relu,0.0001,,,33.0,27.0
205,0.8586878895451292,25,[52],"(16, 16, 16)",0.2,32,relu,0.0001,,,33.0,27.0
206,0.7538558048321761,25,[52],"(16, 16)",0.2,32,relu,0.0001,,,33.0,28.0
207,0.7422706779487167,25,[52],"(16, 16, 16)",0.2,32,relu,0.0001,,,33.0,28.0
208,1.0659194203437399,25,[52],"(16, 16)",0.2,32,relu,0.0001,,,33.0,29.0
209,1.0338673486770242,25,[52],"(16, 16, 16)",0.2,32,relu,0.0001,,,33.0,29.0
210,0.7446355273474682,25,[52],"(16, 16)",0.2,32,relu,0.0001,,,33.0,30.0
211,0.861116525063589,25,[52],"(16, 16, 16)",0.2,32,relu,0.0001,,,33.0,30.0
212,0.8010954704869021,25,[52],"(16, 16)",0.2,32,relu,0.0001,,,33.0,31.0
213,0.7459228688238705,25,[52],"(16, 16, 16)",0.2,32,relu,0.0001,,,33.0,31.0
214,0.8306577106562453,25,[52],"(16, 16)",0.2,32,relu,0.0001,,,33.0,32.0
215,0.8578722119811452,25,[52],"(16, 16, 16)",0.2,32,relu,0.0001,,,33.0,32.0
216,0.8079533378490873,26,[52],"(16, 16)",0.2,32,relu,0.0001,,,33.0,15.0
217,0.798547128497427,26,[52],"(16, 16, 16)",0.2,32,relu,0.0001,,,33.0,15.0
218,0.8253899432545829,26,[52],"(16, 16)",0.2,32,relu,0.0001,,,33.0,16.0
219,0.9045428977582701,26,[52],"(16, 16, 16)",0.2,32,relu,0.0001,,,33.0,16.0
220,0.8135007867678571,26,[52],"(16, 16)",0.2,32,relu,0.0001,,,33.0,17.0
221,0.8590847540037809,26,[52],"(16, 16, 16)",0.2,32,relu,0.0001,,,33.0,17.0
222,0.9182731292823946,26,[52],"(16, 16)",0.2,32,relu,0.0001,,,33.0,18.0
223,0.7542927773062281,26,[52],"(16, 16, 16)",0.2,32,relu,0.0001,,,33.0,18.0
224,0.8034671008061781,26,[52],"(16, 16)",0.2,32,relu,0.0001,,,33.0,19.0
225,0.796442353993363,26,[52],"(16, 16, 16)",0.2,32,relu,0.0001,,,33.0,19.0
226,0.8126990940957688,26,[52],"(16, 16)",0.2,32,relu,0.0001,,,33.0,20.0
227,0.7486246548789318,26,[52],"(16, 16, 16)",0.2,32,relu,0.0001,,,33.0,20.0
228,0.8036873009850142,26,[52],"(16, 16)",0.2,32,relu,0.0001,,,33.0,21.0
229,0.8769256022496824,26,[52],"(16, 16, 16)",0.2,32,relu,0.0001,,,33.0,21.0
230,0.7058454202400913,26,[52],"(16, 16)",0.2,32,relu,0.0001,,,33.0,22.0
231,0.7670067466761185,26,[52],"(16, 16, 16)",0.2,32,relu,0.0001,,,33.0,22.0
232,0.8249795947422477,26,[52],"(16, 16)",0.2,32,relu,0.0001,,,33.0,23.0
233,0.7407629192031705,26,[52],"(16, 16, 16)",0.2,32,relu,0.0001,,,33.0,23.0
234,0.8055272075071062,26,[52],"(16, 16)",0.2,32,relu,0.0001,,,33.0,24.0
235,0.7569891025272274,26,[52],"(16, 16, 16)",0.2,32,relu,0.0001,,,33.0,24.0
236,0.839020107289223,26,[52],"(16, 16)",0.2,32,relu,0.0001,,,33.0,25.0
237,0.7754191077997913,26,[52],"(16, 16, 16)",0.2,32,relu,0.0001,,,33.0,25.0
238,0.8033352052387154,26,[52],"(16, 16)",0.2,32,relu,0.0001,,,33.0,26.0
239,0.7962170927660059,26,[52],"(16, 16, 16)",0.2,32,relu,0.0001,,,33.0,26.0
240,0.8260465789066291,26,[52],"(16, 16)",0.2,32,relu,0.0001,,,33.0,27.0
241,0.7613527055157947,26,[52],"(16, 16, 16)",0.2,32,relu,0.0001,,,33.0,27.0
242,0.8854904152443294,26,[52],"(16, 16)",0.2,32,relu,0.0001,,,33.0,28.0
243,0.812203088016049,26,[52],"(16, 16, 16)",0.2,32,relu,0.0001,,,33.0,28.0
244,0.8367398609467863,26,[52],"(16, 16)",0.2,32,relu,0.0001,,,33.0,29.0
245,0.7859712186110205,26,[52],"(16, 16, 16)",0.2,32,relu,0.0001,,,33.0,29.0
246,0.7878463535638843,26,[52],"(16, 16)",0.2,32,relu,0.0001,,,33.0,30.0
247,0.711890531824792,26,[52],"(16, 16, 16)",0.2,32,relu,0.0001,,,33.0,30.0
248,0.796657085762409,26,[52],"(16, 16)",0.2,32,relu,0.0001,,,33.0,31.0
249,0.8158590332968668,26,[52],"(16, 16, 16)",0.2,32,relu,0.0001,,,33.0,31.0
250,0.8239979042764934,26,[52],"(16, 16)",0.2,32,relu,0.0001,,,33.0,32.0
251,0.7841356304410864,26,[52],"(16, 16, 16)",0.2,32,relu,0.0001,,,33.0,32.0
252,0.87702003677816,27,[52],"(16, 16)",0.2,32,relu,0.0001,,,33.0,15.0
253,0.8868345038911866,27,[52],"(16, 16, 16)",0.2,32,relu,0.0001,,,33.0,15.0
254,0.7262883421582421,27,[52],"(16, 16)",0.2,32,relu,0.0001,,,33.0,16.0
255,0.8310861037173739,27,[52],"(16, 16, 16)",0.2,32,relu,0.0001,,,33.0,16.0
256,0.8697845981376812,27,[52],"(16, 16)",0.2,32,relu,0.0001,,,33.0,17.0
257,0.7779214695813256,27,[52],"(16, 16, 16)",0.2,32,relu,0.0001,,,33.0,17.0
258,0.7151265586324703,27,[52],"(16, 16)",0.2,32,relu,0.0001,,,33.0,18.0
259,0.7866831211268502,27,[52],"(16, 16, 16)",0.2,32,relu,0.0001,,,33.0,18.0
260,0.7962478334169898,27,[52],"(16, 16)",0.2,32,relu,0.0001,,,33.0,19.0
261,0.7776114175749566,27,[52],"(16, 16, 16)",0.2,32,relu,0.0001,,,33.0,19.0
262,0.849111251805982,27,[52],"(16, 16)",0.2,32,relu,0.0001,,,33.0,20.0
263,0.8075503100496108,27,[52],"(16, 16, 16)",0.2,32,relu,0.0001,,,33.0,20.0
264,0.7659140778381164,27,[52],"(16, 16)",0.2,32,relu,0.0001,,,33.0,21.0
265,0.7248292877228139,27,[52],"(16, 16, 16)",0.2,32,relu,0.0001,,,33.0,21.0
266,0.8014431998619286,27,[52],"(16, 16)",0.2,32,relu,0.0001,,,33.0,22.0
267,0.7058942959441422,27,[52],"(16, 16, 16)",0.2,32,relu,0.0001,,,33.0,22.0
268,0.8965607821091708,27,[52],"(16, 16)",0.2,32,relu,0.0001,,,33.0,23.0
269,0.7344246228085088,27,[52],"(16, 16, 16)",0.2,32,relu,0.0001,,,33.0,23.0
270,0.8367476678752496,27,[52],"(16, 16)",0.2,32,relu,0.0001,,,33.0,24.0
271,0.7984242198942675,27,[52],"(16, 16, 16)",0.2,32,relu,0.0001,,,33.0,24.0
272,0.9567598378261014,27,[52],"(16, 16)",0.2,32,relu,0.0001,,,33.0,25.0
273,0.8202925072485133,27,[52],"(16, 16, 16)",0.2,32,relu,0.0001,,,33.0,25.0
274,0.9000320758556866,27,[52],"(16, 16)",0.2,32,relu,0.0001,,,33.0,26.0
275,0.9079138356868808,27,[52],"(16, 16, 16)",0.2,32,relu,0.0001,,,33.0,26.0
276,1.0076533157031708,27,[52],"(16, 16)",0.2,32,relu,0.0001,,,33.0,27.0
277,0.767920105403693,27,[52],"(16, 16, 16)",0.2,32,relu,0.0001,,,33.0,27.0
278,0.8170978587185195,27,[52],"(16, 16)",0.2,32,relu,0.0001,,,33.0,28.0
279,0.8178256457724963,27,[52],"(16, 16, 16)",0.2,32,relu,0.0001,,,33.0,28.0
280,0.7798049734028633,27,[52],"(16, 16)",0.2,32,relu,0.0001,,,33.0,29.0
281,0.7152203617177985,27,[52],"(16, 16, 16)",0.2,32,relu,0.0001,,,33.0,29.0
282,0.8350635214151998,27,[52],"(16, 16)",0.2,32,relu,0.0001,,,33.0,30.0
283,0.9245566600772176,27,[52],"(16, 16, 16)",0.2,32,relu,0.0001,,,33.0,30.0
284,0.9311616268787866,27,[52],"(16, 16)",0.2,32,relu,0.0001,,,33.0,31.0
285,0.9405980206618079,27,[52],"(16, 16, 16)",0.2,32,relu,0.0001,,,33.0,31.0
286,0.8236944308501154,27,[52],"(16, 16)",0.2,32,relu,0.0001,,,33.0,32.0
287,0.7467883993703252,27,[52],"(16, 16, 16)",0.2,32,relu,0.0001,,,33.0,32.0
